[
    {
        "id": "b87ff38663400749",
        "type": "tab",
        "label": "Desafio 1",
        "disabled": false,
        "info": "",
        "env": []
    },
    {
        "id": "288a5cd1b977062d",
        "type": "tab",
        "label": "Desafio 2",
        "disabled": false,
        "info": "",
        "env": []
    },
    {
        "id": "8bebe77b9d671a7f",
        "type": "ui_base",
        "theme": {
            "name": "theme-dark",
            "lightTheme": {
                "default": "#0094CE",
                "baseColor": "#0094CE",
                "baseFont": "-apple-system,BlinkMacSystemFont,Segoe UI,Roboto,Oxygen-Sans,Ubuntu,Cantarell,Helvetica Neue,sans-serif",
                "edited": true,
                "reset": false
            },
            "darkTheme": {
                "default": "#097479",
                "baseColor": "#097479",
                "baseFont": "-apple-system,BlinkMacSystemFont,Segoe UI,Roboto,Oxygen-Sans,Ubuntu,Cantarell,Helvetica Neue,sans-serif",
                "edited": true,
                "reset": false
            },
            "customTheme": {
                "name": "Untitled Theme 1",
                "default": "#4B7930",
                "baseColor": "#4B7930",
                "baseFont": "-apple-system,BlinkMacSystemFont,Segoe UI,Roboto,Oxygen-Sans,Ubuntu,Cantarell,Helvetica Neue,sans-serif"
            },
            "themeState": {
                "base-color": {
                    "default": "#097479",
                    "value": "#097479",
                    "edited": false
                },
                "page-titlebar-backgroundColor": {
                    "value": "#097479",
                    "edited": false
                },
                "page-backgroundColor": {
                    "value": "#111111",
                    "edited": false
                },
                "page-sidebar-backgroundColor": {
                    "value": "#333333",
                    "edited": false
                },
                "group-textColor": {
                    "value": "#0eb8c0",
                    "edited": false
                },
                "group-borderColor": {
                    "value": "#555555",
                    "edited": false
                },
                "group-backgroundColor": {
                    "value": "#333333",
                    "edited": false
                },
                "widget-textColor": {
                    "value": "#eeeeee",
                    "edited": false
                },
                "widget-backgroundColor": {
                    "value": "#097479",
                    "edited": false
                },
                "widget-borderColor": {
                    "value": "#333333",
                    "edited": false
                },
                "base-font": {
                    "value": "-apple-system,BlinkMacSystemFont,Segoe UI,Roboto,Oxygen-Sans,Ubuntu,Cantarell,Helvetica Neue,sans-serif"
                }
            },
            "angularTheme": {
                "primary": "indigo",
                "accents": "blue",
                "warn": "red",
                "background": "grey",
                "palette": "light"
            }
        },
        "site": {
            "name": "Node-RED Dashboard",
            "hideToolbar": "false",
            "allowSwipe": "false",
            "lockMenu": "false",
            "allowTempTheme": "true",
            "dateFormat": "DD/MM/YYYY",
            "sizes": {
                "sx": 48,
                "sy": 48,
                "gx": 6,
                "gy": 6,
                "cx": 6,
                "cy": 6,
                "px": 0,
                "py": 0
            }
        }
    },
    {
        "id": "5615f47d48a9c1fa",
        "type": "ui_tab",
        "name": "Home",
        "icon": "dashboard",
        "order": 1,
        "disabled": false,
        "hidden": false
    },
    {
        "id": "9acbf1789f7311ae",
        "type": "ui_group",
        "name": "Rio Branco",
        "tab": "5615f47d48a9c1fa",
        "order": 1,
        "disp": true,
        "width": "6",
        "collapse": false,
        "className": ""
    },
    {
        "id": "c37156d63573bcc0",
        "type": "ui_group",
        "name": "Porto Velho",
        "tab": "5615f47d48a9c1fa",
        "order": 2,
        "disp": true,
        "width": "6",
        "collapse": false,
        "className": ""
    },
    {
        "id": "27643f3af30e5d0f",
        "type": "ui_group",
        "name": "Grafico",
        "tab": "5615f47d48a9c1fa",
        "order": 3,
        "disp": true,
        "width": "6",
        "collapse": false,
        "className": ""
    },
    {
        "id": "3b7f6ee137b1f932",
        "type": "inject",
        "z": "b87ff38663400749",
        "name": "",
        "props": [
            {
                "p": "payload"
            },
            {
                "p": "topic",
                "vt": "str"
            }
        ],
        "repeat": "",
        "crontab": "",
        "once": false,
        "onceDelay": 0.1,
        "topic": "",
        "payload": "",
        "payloadType": "date",
        "x": 120,
        "y": 180,
        "wires": [
            [
                "63ae0461f1b5e8e4"
            ]
        ]
    },
    {
        "id": "63ae0461f1b5e8e4",
        "type": "http request",
        "z": "b87ff38663400749",
        "name": "",
        "method": "GET",
        "ret": "txt",
        "paytoqs": "ignore",
        "url": "https://api.openweathermap.org/data/2.5/weather?lat=44.34&lon=10.99&appid=ae10626011dbb050cfebc1ffa52f7829",
        "tls": "",
        "persist": false,
        "proxy": "",
        "insecureHTTPParser": false,
        "authType": "",
        "senderr": false,
        "headers": [],
        "x": 290,
        "y": 180,
        "wires": [
            [
                "45c0e20af3d86114"
            ]
        ]
    },
    {
        "id": "45c0e20af3d86114",
        "type": "json",
        "z": "b87ff38663400749",
        "name": "",
        "property": "payload",
        "action": "",
        "pretty": false,
        "x": 470,
        "y": 180,
        "wires": [
            [
                "b72f41dcb44d9db3",
                "b9ee392a2f61888c"
            ]
        ]
    },
    {
        "id": "9ed5eab25ba9fca2",
        "type": "debug",
        "z": "b87ff38663400749",
        "name": "debug 1",
        "active": true,
        "tosidebar": true,
        "console": false,
        "tostatus": false,
        "complete": "false",
        "statusVal": "",
        "statusType": "auto",
        "x": 860,
        "y": 220,
        "wires": []
    },
    {
        "id": "b72f41dcb44d9db3",
        "type": "change",
        "z": "b87ff38663400749",
        "name": "",
        "rules": [
            {
                "t": "set",
                "p": "payload",
                "pt": "msg",
                "to": "payload.main.temp",
                "tot": "msg"
            }
        ],
        "action": "",
        "property": "",
        "from": "",
        "to": "",
        "reg": false,
        "x": 660,
        "y": 180,
        "wires": [
            [
                "9ed5eab25ba9fca2"
            ]
        ]
    },
    {
        "id": "b9ee392a2f61888c",
        "type": "function",
        "z": "b87ff38663400749",
        "name": "function 1",
        "func": "msg.payload={\n    \"temperatura\": msg.payload.main.temp ,\n    \"temperatura_min\" : msg.payload.main.temp_min ,\n    \"temperatura_max\": msg.payload.main.temp_max,\n    \"velocidade_vento\": msg.payload.wind.speed\n}\nreturn msg;",
        "outputs": 1,
        "noerr": 0,
        "initialize": "",
        "finalize": "",
        "libs": [],
        "x": 580,
        "y": 360,
        "wires": [
            [
                "fc47bad392d2b47c"
            ]
        ]
    },
    {
        "id": "fc47bad392d2b47c",
        "type": "debug",
        "z": "b87ff38663400749",
        "name": "debug 2",
        "active": true,
        "tosidebar": true,
        "console": false,
        "tostatus": false,
        "complete": "false",
        "statusVal": "",
        "statusType": "auto",
        "x": 780,
        "y": 340,
        "wires": []
    },
    {
        "id": "fa39aa70317d338a",
        "type": "inject",
        "z": "288a5cd1b977062d",
        "name": "",
        "props": [
            {
                "p": "payload"
            },
            {
                "p": "topic",
                "vt": "str"
            }
        ],
        "repeat": "5",
        "crontab": "",
        "once": true,
        "onceDelay": "0.1",
        "topic": "",
        "payload": "",
        "payloadType": "date",
        "x": 90,
        "y": 160,
        "wires": [
            [
                "39e94d48330644d9",
                "b80f844d62496c63"
            ]
        ]
    },
    {
        "id": "39e94d48330644d9",
        "type": "http request",
        "z": "288a5cd1b977062d",
        "name": "",
        "method": "GET",
        "ret": "txt",
        "paytoqs": "ignore",
        "url": "https://api.openweathermap.org/data/2.5/weather?q=Rio+Branco&appid=2f97dfad98a83d8d0037b7d87d582936",
        "tls": "",
        "persist": false,
        "proxy": "",
        "insecureHTTPParser": false,
        "authType": "",
        "senderr": false,
        "headers": [],
        "x": 250,
        "y": 160,
        "wires": [
            [
                "dc265b4473d1cb09"
            ]
        ]
    },
    {
        "id": "dc265b4473d1cb09",
        "type": "json",
        "z": "288a5cd1b977062d",
        "name": "",
        "property": "payload",
        "action": "",
        "pretty": false,
        "x": 430,
        "y": 160,
        "wires": [
            [
                "899f4f4503d78200",
                "37354d19d99ee8c0",
                "02a299e835ff79fa",
                "abbf0261436f5829",
                "347f4fcec0b41820",
                "532a504d510ec45b",
                "bf694d9e609fbed1"
            ]
        ]
    },
    {
        "id": "899f4f4503d78200",
        "type": "change",
        "z": "288a5cd1b977062d",
        "name": "",
        "rules": [
            {
                "t": "set",
                "p": "payload",
                "pt": "msg",
                "to": "payload.main.temp_min",
                "tot": "msg"
            }
        ],
        "action": "",
        "property": "",
        "from": "",
        "to": "",
        "reg": false,
        "x": 620,
        "y": 240,
        "wires": [
            [
                "5c85a11bbc023de9"
            ]
        ]
    },
    {
        "id": "5c85a11bbc023de9",
        "type": "ui_gauge",
        "z": "288a5cd1b977062d",
        "name": "",
        "group": "9acbf1789f7311ae",
        "order": 2,
        "width": 0,
        "height": 0,
        "gtype": "gage",
        "title": "Temperatura minina",
        "label": "units",
        "format": "{{value}}",
        "min": 0,
        "max": "500",
        "colors": [
            "#00b500",
            "#e6e600",
            "#ca3838"
        ],
        "seg1": "",
        "seg2": "",
        "diff": false,
        "className": "",
        "x": 900,
        "y": 240,
        "wires": []
    },
    {
        "id": "37354d19d99ee8c0",
        "type": "change",
        "z": "288a5cd1b977062d",
        "name": "",
        "rules": [
            {
                "t": "set",
                "p": "payload",
                "pt": "msg",
                "to": "payload.main.temp_max",
                "tot": "msg"
            }
        ],
        "action": "",
        "property": "",
        "from": "",
        "to": "",
        "reg": false,
        "x": 600,
        "y": 320,
        "wires": [
            [
                "5e404b8805e438d0"
            ]
        ]
    },
    {
        "id": "5e404b8805e438d0",
        "type": "ui_gauge",
        "z": "288a5cd1b977062d",
        "name": "",
        "group": "9acbf1789f7311ae",
        "order": 3,
        "width": 0,
        "height": 0,
        "gtype": "gage",
        "title": "Temperatura máxima ",
        "label": "units",
        "format": "{{value}}",
        "min": 0,
        "max": "500",
        "colors": [
            "#00b500",
            "#e6e600",
            "#ca3838"
        ],
        "seg1": "",
        "seg2": "",
        "diff": false,
        "className": "",
        "x": 880,
        "y": 320,
        "wires": []
    },
    {
        "id": "02a299e835ff79fa",
        "type": "change",
        "z": "288a5cd1b977062d",
        "name": "",
        "rules": [
            {
                "t": "set",
                "p": "payload",
                "pt": "msg",
                "to": "payload.wind.speed",
                "tot": "msg"
            }
        ],
        "action": "",
        "property": "",
        "from": "",
        "to": "",
        "reg": false,
        "x": 600,
        "y": 400,
        "wires": [
            [
                "dd58a07c99635fd2"
            ]
        ]
    },
    {
        "id": "dd58a07c99635fd2",
        "type": "ui_gauge",
        "z": "288a5cd1b977062d",
        "name": "",
        "group": "9acbf1789f7311ae",
        "order": 4,
        "width": 0,
        "height": 0,
        "gtype": "gage",
        "title": "Velocidade do vento ",
        "label": "units",
        "format": "{{value}}",
        "min": 0,
        "max": "10",
        "colors": [
            "#00b500",
            "#e6e600",
            "#ca3838"
        ],
        "seg1": "",
        "seg2": "",
        "diff": false,
        "className": "",
        "x": 880,
        "y": 400,
        "wires": []
    },
    {
        "id": "abbf0261436f5829",
        "type": "change",
        "z": "288a5cd1b977062d",
        "name": "",
        "rules": [
            {
                "t": "set",
                "p": "payload",
                "pt": "msg",
                "to": "payload.main.humidity",
                "tot": "msg"
            }
        ],
        "action": "",
        "property": "",
        "from": "",
        "to": "",
        "reg": false,
        "x": 600,
        "y": 460,
        "wires": [
            [
                "7a4b2e9740c81b75"
            ]
        ]
    },
    {
        "id": "7a4b2e9740c81b75",
        "type": "ui_gauge",
        "z": "288a5cd1b977062d",
        "name": "",
        "group": "9acbf1789f7311ae",
        "order": 6,
        "width": 0,
        "height": 0,
        "gtype": "wave",
        "title": "Umidade ",
        "label": "units",
        "format": "{{value}}",
        "min": 0,
        "max": "100",
        "colors": [
            "#00b500",
            "#e6e600",
            "#ca3838"
        ],
        "seg1": "",
        "seg2": "",
        "diff": false,
        "className": "",
        "x": 840,
        "y": 460,
        "wires": []
    },
    {
        "id": "347f4fcec0b41820",
        "type": "change",
        "z": "288a5cd1b977062d",
        "name": "",
        "rules": [
            {
                "t": "set",
                "p": "payload",
                "pt": "msg",
                "to": "payload.main.feels_like",
                "tot": "msg"
            }
        ],
        "action": "",
        "property": "",
        "from": "",
        "to": "",
        "reg": false,
        "x": 600,
        "y": 520,
        "wires": [
            [
                "d123329d88d65e3b"
            ]
        ]
    },
    {
        "id": "d123329d88d65e3b",
        "type": "ui_gauge",
        "z": "288a5cd1b977062d",
        "name": "",
        "group": "9acbf1789f7311ae",
        "order": 5,
        "width": 0,
        "height": 0,
        "gtype": "gage",
        "title": "Sensação térmica ",
        "label": "units",
        "format": "{{value}}",
        "min": 0,
        "max": "500",
        "colors": [
            "#00b500",
            "#e6e600",
            "#ca3838"
        ],
        "seg1": "",
        "seg2": "",
        "diff": false,
        "className": "",
        "x": 870,
        "y": 520,
        "wires": []
    },
    {
        "id": "b80f844d62496c63",
        "type": "http request",
        "z": "288a5cd1b977062d",
        "name": "",
        "method": "GET",
        "ret": "txt",
        "paytoqs": "ignore",
        "url": "https://api.openweathermap.org/data/2.5/weather?q=Porto+Velho&appid=2f97dfad98a83d8d0037b7d87d582936",
        "tls": "",
        "persist": false,
        "proxy": "",
        "insecureHTTPParser": false,
        "authType": "",
        "senderr": false,
        "headers": [],
        "x": 270,
        "y": 600,
        "wires": [
            [
                "db4d4932e860ba71"
            ]
        ]
    },
    {
        "id": "db4d4932e860ba71",
        "type": "json",
        "z": "288a5cd1b977062d",
        "name": "",
        "property": "payload",
        "action": "",
        "pretty": false,
        "x": 450,
        "y": 600,
        "wires": [
            [
                "998f0b289b73c702",
                "4ea2af9a4a66ce6c",
                "b3a0e369de4ce52f",
                "a8241837fd808407",
                "4d4c10bab67e407a",
                "ca592a92a3b6f694",
                "341d0fb4ba3fbaec"
            ]
        ]
    },
    {
        "id": "998f0b289b73c702",
        "type": "change",
        "z": "288a5cd1b977062d",
        "name": "",
        "rules": [
            {
                "t": "set",
                "p": "payload",
                "pt": "msg",
                "to": "payload.main.temp_min",
                "tot": "msg"
            }
        ],
        "action": "",
        "property": "",
        "from": "",
        "to": "",
        "reg": false,
        "x": 640,
        "y": 680,
        "wires": [
            [
                "f129f57b2955448f"
            ]
        ]
    },
    {
        "id": "f129f57b2955448f",
        "type": "ui_gauge",
        "z": "288a5cd1b977062d",
        "name": "",
        "group": "c37156d63573bcc0",
        "order": 2,
        "width": 0,
        "height": 0,
        "gtype": "gage",
        "title": "Temperatura minina",
        "label": "units",
        "format": "{{value}}",
        "min": 0,
        "max": "500",
        "colors": [
            "#00b500",
            "#e6e600",
            "#ca3838"
        ],
        "seg1": "",
        "seg2": "",
        "diff": false,
        "className": "",
        "x": 920,
        "y": 680,
        "wires": []
    },
    {
        "id": "4ea2af9a4a66ce6c",
        "type": "change",
        "z": "288a5cd1b977062d",
        "name": "",
        "rules": [
            {
                "t": "set",
                "p": "payload",
                "pt": "msg",
                "to": "payload.main.temp_max",
                "tot": "msg"
            }
        ],
        "action": "",
        "property": "",
        "from": "",
        "to": "",
        "reg": false,
        "x": 620,
        "y": 760,
        "wires": [
            [
                "f56d4c7e491b1b70"
            ]
        ]
    },
    {
        "id": "f56d4c7e491b1b70",
        "type": "ui_gauge",
        "z": "288a5cd1b977062d",
        "name": "",
        "group": "c37156d63573bcc0",
        "order": 3,
        "width": 0,
        "height": 0,
        "gtype": "gage",
        "title": "Temperatura máxima",
        "label": "units",
        "format": "{{value}}",
        "min": 0,
        "max": "500",
        "colors": [
            "#00b500",
            "#e6e600",
            "#ca3838"
        ],
        "seg1": "",
        "seg2": "",
        "diff": false,
        "className": "",
        "x": 900,
        "y": 760,
        "wires": []
    },
    {
        "id": "b3a0e369de4ce52f",
        "type": "change",
        "z": "288a5cd1b977062d",
        "name": "",
        "rules": [
            {
                "t": "set",
                "p": "payload",
                "pt": "msg",
                "to": "payload.wind.speed",
                "tot": "msg"
            }
        ],
        "action": "",
        "property": "",
        "from": "",
        "to": "",
        "reg": false,
        "x": 620,
        "y": 840,
        "wires": [
            [
                "12130fd23cc61562"
            ]
        ]
    },
    {
        "id": "12130fd23cc61562",
        "type": "ui_gauge",
        "z": "288a5cd1b977062d",
        "name": "",
        "group": "c37156d63573bcc0",
        "order": 4,
        "width": 0,
        "height": 0,
        "gtype": "gage",
        "title": "Velocidade do vento",
        "label": "units",
        "format": "{{value}}",
        "min": 0,
        "max": "10",
        "colors": [
            "#00b500",
            "#e6e600",
            "#ca3838"
        ],
        "seg1": "",
        "seg2": "",
        "diff": false,
        "className": "",
        "x": 900,
        "y": 840,
        "wires": []
    },
    {
        "id": "a8241837fd808407",
        "type": "change",
        "z": "288a5cd1b977062d",
        "name": "",
        "rules": [
            {
                "t": "set",
                "p": "payload",
                "pt": "msg",
                "to": "payload.main.feels_like",
                "tot": "msg"
            }
        ],
        "action": "",
        "property": "",
        "from": "",
        "to": "",
        "reg": false,
        "x": 620,
        "y": 960,
        "wires": [
            [
                "de836de3dec82354"
            ]
        ]
    },
    {
        "id": "de836de3dec82354",
        "type": "ui_gauge",
        "z": "288a5cd1b977062d",
        "name": "",
        "group": "c37156d63573bcc0",
        "order": 5,
        "width": 0,
        "height": 0,
        "gtype": "gage",
        "title": "Sensação térmica",
        "label": "units",
        "format": "{{value}}",
        "min": 0,
        "max": "500",
        "colors": [
            "#00b500",
            "#e6e600",
            "#ca3838"
        ],
        "seg1": "",
        "seg2": "",
        "diff": false,
        "className": "",
        "x": 890,
        "y": 960,
        "wires": []
    },
    {
        "id": "4d4c10bab67e407a",
        "type": "change",
        "z": "288a5cd1b977062d",
        "name": "",
        "rules": [
            {
                "t": "set",
                "p": "payload",
                "pt": "msg",
                "to": "payload.main.humidity",
                "tot": "msg"
            }
        ],
        "action": "",
        "property": "",
        "from": "",
        "to": "",
        "reg": false,
        "x": 620,
        "y": 900,
        "wires": [
            [
                "6acb2cefcf4441e1"
            ]
        ]
    },
    {
        "id": "6acb2cefcf4441e1",
        "type": "ui_gauge",
        "z": "288a5cd1b977062d",
        "name": "",
        "group": "c37156d63573bcc0",
        "order": 6,
        "width": 0,
        "height": 0,
        "gtype": "wave",
        "title": "Umidade ",
        "label": "units",
        "format": "{{value}}",
        "min": 0,
        "max": "100",
        "colors": [
            "#00b500",
            "#e6e600",
            "#ca3838"
        ],
        "seg1": "",
        "seg2": "",
        "diff": false,
        "className": "",
        "x": 860,
        "y": 900,
        "wires": []
    },
    {
        "id": "532a504d510ec45b",
        "type": "change",
        "z": "288a5cd1b977062d",
        "name": "",
        "rules": [
            {
                "t": "set",
                "p": "payload",
                "pt": "msg",
                "to": "payload.main.temp",
                "tot": "msg"
            }
        ],
        "action": "",
        "property": "",
        "from": "",
        "to": "",
        "reg": false,
        "x": 620,
        "y": 160,
        "wires": [
            [
                "9dfab6d8677f089e"
            ]
        ]
    },
    {
        "id": "9dfab6d8677f089e",
        "type": "ui_gauge",
        "z": "288a5cd1b977062d",
        "name": "",
        "group": "9acbf1789f7311ae",
        "order": 1,
        "width": 0,
        "height": 0,
        "gtype": "gage",
        "title": "Temperatura Atual",
        "label": "units",
        "format": "{{value}}",
        "min": 0,
        "max": "500",
        "colors": [
            "#00b500",
            "#e6e600",
            "#ca3838"
        ],
        "seg1": "",
        "seg2": "",
        "diff": false,
        "className": "",
        "x": 890,
        "y": 160,
        "wires": []
    },
    {
        "id": "ca592a92a3b6f694",
        "type": "change",
        "z": "288a5cd1b977062d",
        "name": "",
        "rules": [
            {
                "t": "set",
                "p": "payload",
                "pt": "msg",
                "to": "payload.main.temp",
                "tot": "msg"
            }
        ],
        "action": "",
        "property": "",
        "from": "",
        "to": "",
        "reg": false,
        "x": 640,
        "y": 600,
        "wires": [
            [
                "c49dcabe74a160f4"
            ]
        ]
    },
    {
        "id": "c49dcabe74a160f4",
        "type": "ui_gauge",
        "z": "288a5cd1b977062d",
        "name": "",
        "group": "c37156d63573bcc0",
        "order": 1,
        "width": 0,
        "height": 0,
        "gtype": "gage",
        "title": "Temperatura Atual",
        "label": "units",
        "format": "{{value}}",
        "min": 0,
        "max": "500",
        "colors": [
            "#00b500",
            "#e6e600",
            "#ca3838"
        ],
        "seg1": "",
        "seg2": "",
        "diff": false,
        "className": "",
        "x": 910,
        "y": 600,
        "wires": []
    },
    {
        "id": "26a9d0485b35e969",
        "type": "ui_chart",
        "z": "288a5cd1b977062d",
        "name": "",
        "group": "27643f3af30e5d0f",
        "order": 0,
        "width": 0,
        "height": 0,
        "label": "Temperaturas",
        "chartType": "bar",
        "legend": "false",
        "xformat": "HH:mm:ss",
        "interpolate": "linear",
        "nodata": "",
        "dot": false,
        "ymin": "100",
        "ymax": "400",
        "removeOlder": 1,
        "removeOlderPoints": "",
        "removeOlderUnit": "3600",
        "cutout": 0,
        "useOneColor": false,
        "useUTC": false,
        "colors": [
            "#1f77b4",
            "#aec7e8",
            "#ff7f0e",
            "#2ca02c",
            "#98df8a",
            "#d62728",
            "#ff9896",
            "#9467bd",
            "#c5b0d5"
        ],
        "outputs": 1,
        "useDifferentColor": false,
        "className": "",
        "x": 1380,
        "y": 380,
        "wires": [
            []
        ]
    },
    {
        "id": "bf694d9e609fbed1",
        "type": "function",
        "z": "288a5cd1b977062d",
        "name": "function temp rio branco",
        "func": "msg.topic = \"Rio branco\"\nmsg.payload = msg.payload.main.temp\nreturn msg;",
        "outputs": 1,
        "noerr": 0,
        "initialize": "",
        "finalize": "",
        "libs": [],
        "x": 1170,
        "y": 240,
        "wires": [
            [
                "26a9d0485b35e969"
            ]
        ]
    },
    {
        "id": "341d0fb4ba3fbaec",
        "type": "function",
        "z": "288a5cd1b977062d",
        "name": "function temp porto velho",
        "func": "msg.topic = \"Porto Velho\"\nmsg.payload = msg.payload.main.temp\nreturn msg;\n\n",
        "outputs": 1,
        "noerr": 0,
        "initialize": "",
        "finalize": "",
        "libs": [],
        "x": 1190,
        "y": 520,
        "wires": [
            [
                "26a9d0485b35e969"
            ]
        ]
    }
]