[
    {
        "id": "3b810251ebe95ac3",
        "type": "tab",
        "label": "Desafio 5",
        "disabled": false,
        "info": "",
        "env": []
    },
    {
        "id": "8bebe77b9d671a7f",
        "type": "ui_base",
        "theme": {
            "name": "theme-dark",
            "lightTheme": {
                "default": "#0094CE",
                "baseColor": "#0094CE",
                "baseFont": "-apple-system,BlinkMacSystemFont,Segoe UI,Roboto,Oxygen-Sans,Ubuntu,Cantarell,Helvetica Neue,sans-serif",
                "edited": true,
                "reset": false
            },
            "darkTheme": {
                "default": "#097479",
                "baseColor": "#097479",
                "baseFont": "-apple-system,BlinkMacSystemFont,Segoe UI,Roboto,Oxygen-Sans,Ubuntu,Cantarell,Helvetica Neue,sans-serif",
                "edited": true,
                "reset": false
            },
            "customTheme": {
                "name": "Untitled Theme 1",
                "default": "#4B7930",
                "baseColor": "#4B7930",
                "baseFont": "-apple-system,BlinkMacSystemFont,Segoe UI,Roboto,Oxygen-Sans,Ubuntu,Cantarell,Helvetica Neue,sans-serif"
            },
            "themeState": {
                "base-color": {
                    "default": "#097479",
                    "value": "#097479",
                    "edited": false
                },
                "page-titlebar-backgroundColor": {
                    "value": "#097479",
                    "edited": false
                },
                "page-backgroundColor": {
                    "value": "#111111",
                    "edited": false
                },
                "page-sidebar-backgroundColor": {
                    "value": "#333333",
                    "edited": false
                },
                "group-textColor": {
                    "value": "#0eb8c0",
                    "edited": false
                },
                "group-borderColor": {
                    "value": "#555555",
                    "edited": false
                },
                "group-backgroundColor": {
                    "value": "#333333",
                    "edited": false
                },
                "widget-textColor": {
                    "value": "#eeeeee",
                    "edited": false
                },
                "widget-backgroundColor": {
                    "value": "#097479",
                    "edited": false
                },
                "widget-borderColor": {
                    "value": "#333333",
                    "edited": false
                },
                "base-font": {
                    "value": "-apple-system,BlinkMacSystemFont,Segoe UI,Roboto,Oxygen-Sans,Ubuntu,Cantarell,Helvetica Neue,sans-serif"
                }
            },
            "angularTheme": {
                "primary": "indigo",
                "accents": "blue",
                "warn": "red",
                "background": "grey",
                "palette": "light"
            }
        },
        "site": {
            "name": "Node-RED Dashboard",
            "hideToolbar": "false",
            "allowSwipe": "false",
            "lockMenu": "false",
            "allowTempTheme": "true",
            "dateFormat": "DD/MM/YYYY",
            "sizes": {
                "sx": 48,
                "sy": 48,
                "gx": 6,
                "gy": 6,
                "cx": 6,
                "cy": 6,
                "px": 0,
                "py": 0
            }
        }
    },
    {
        "id": "5615f47d48a9c1fa",
        "type": "ui_tab",
        "name": "Home",
        "icon": "dashboard",
        "order": 1,
        "disabled": false,
        "hidden": false
    },
    {
        "id": "9acbf1789f7311ae",
        "type": "ui_group",
        "name": "Rio Branco",
        "tab": "5615f47d48a9c1fa",
        "order": 1,
        "disp": true,
        "width": "6",
        "collapse": false,
        "className": ""
    },
    {
        "id": "c37156d63573bcc0",
        "type": "ui_group",
        "name": "Porto Velho",
        "tab": "5615f47d48a9c1fa",
        "order": 2,
        "disp": true,
        "width": "6",
        "collapse": false,
        "className": ""
    },
    {
        "id": "27643f3af30e5d0f",
        "type": "ui_group",
        "name": "Grafico",
        "tab": "5615f47d48a9c1fa",
        "order": 3,
        "disp": true,
        "width": "6",
        "collapse": false,
        "className": ""
    },
    {
        "id": "f45f56e0f9a7d9cf",
        "type": "mqtt-broker",
        "name": "",
        "broker": "broker.hivemq.com",
        "port": "1883",
        "clientid": "",
        "autoConnect": true,
        "usetls": false,
        "protocolVersion": "4",
        "keepalive": "60",
        "cleansession": true,
        "birthTopic": "",
        "birthQos": "0",
        "birthPayload": "",
        "birthMsg": {},
        "closeTopic": "",
        "closeQos": "0",
        "closePayload": "",
        "closeMsg": {},
        "willTopic": "",
        "willQos": "0",
        "willPayload": "",
        "willMsg": {},
        "userProps": "",
        "sessionExpiry": ""
    },
    {
        "id": "3de38b264b3fbab3",
        "type": "mqtt out",
        "z": "3b810251ebe95ac3",
        "name": "",
        "topic": "Eduardo/Fiap/desafio5",
        "qos": "0",
        "retain": "",
        "respTopic": "",
        "contentType": "",
        "userProps": "",
        "correl": "",
        "expiry": "",
        "broker": "f45f56e0f9a7d9cf",
        "x": 480,
        "y": 140,
        "wires": []
    },
    {
        "id": "8adf35d0c43f4f94",
        "type": "mqtt in",
        "z": "3b810251ebe95ac3",
        "name": "",
        "topic": "Eduardo/Fiap/desafio5",
        "qos": "2",
        "datatype": "auto-detect",
        "broker": "f45f56e0f9a7d9cf",
        "nl": false,
        "rap": true,
        "rh": 0,
        "inputs": 0,
        "x": 240,
        "y": 260,
        "wires": [
            [
                "a5fc90625df5ad66"
            ]
        ]
    },
    {
        "id": "a5fc90625df5ad66",
        "type": "debug",
        "z": "3b810251ebe95ac3",
        "name": "debug 1",
        "active": true,
        "tosidebar": true,
        "console": false,
        "tostatus": false,
        "complete": "payload",
        "targetType": "msg",
        "statusVal": "",
        "statusType": "auto",
        "x": 500,
        "y": 260,
        "wires": []
    },
    {
        "id": "c11277b6b479c6f7",
        "type": "inject",
        "z": "3b810251ebe95ac3",
        "name": "",
        "props": [
            {
                "p": "payload"
            },
            {
                "p": "topic",
                "vt": "str"
            }
        ],
        "repeat": "",
        "crontab": "",
        "once": false,
        "onceDelay": 0.1,
        "topic": "",
        "payload": "",
        "payloadType": "date",
        "x": 200,
        "y": 140,
        "wires": [
            [
                "3de38b264b3fbab3"
            ]
        ]
    }
]